<BackupInst xmlns="http://www.microsoft.com/GroupPolicy/GPOOperations/Manifest"><GPOGuid><![CDATA[{32EC7AFC-9EB8-4621-93F2-CE4744A42695}]]></GPOGuid><GPODomain><![CDATA[sharemylabs.com]]></GPODomain><GPODomainGuid><![CDATA[{c75ec255-d73d-4ab0-abf0-48599c95dcc2}]]></GPODomainGuid><GPODomainController><![CDATA[sml-dc01.sharemylabs.com]]></GPODomainController><BackupTime><![CDATA[2024-06-19T00:59:45]]></BackupTime><ID><![CDATA[{CFA17804-7522-4784-9832-8F7B95B73C97}]]></ID><Comment><![CDATA[]]></Comment><GPODisplayName><![CDATA[Defender AV - Domain Controllers]]></GPODisplayName></BackupInst>
