<BackupInst xmlns="http://www.microsoft.com/GroupPolicy/GPOOperations/Manifest"><GPOGuid><![CDATA[{2CC12019-3F95-42DB-BB9E-EC2AF9DAAB3D}]]></GPOGuid><GPODomain><![CDATA[sharemylabs.com]]></GPODomain><GPODomainGuid><![CDATA[{c75ec255-d73d-4ab0-abf0-48599c95dcc2}]]></GPODomainGuid><GPODomainController><![CDATA[sml-dc01.sharemylabs.com]]></GPODomainController><BackupTime><![CDATA[2024-06-05T21:01:05]]></BackupTime><ID><![CDATA[{523CBE7E-E40E-4C6E-8E78-29DE0251277E}]]></ID><Comment><![CDATA[]]></Comment><GPODisplayName><![CDATA[Defender AV - Servers]]></GPODisplayName></BackupInst>
