<?xml version="1.0" encoding="utf-8"?>
<RegistrySettings clsid="{A3CCFC41-DFDB-43a5-8D26-0FE8B954DA51}"><Registry clsid="{9CD4B2F4-923D-47f5-A062-E897DD1DAD50}" name="AllowNetworkProtectionDownLevel" status="AllowNetworkProtectionDownLevel" image="12" changed="2024-06-05 20:23:43" uid="{2CB5E5C0-3511-4D65-AEFD-625A1FB8AE32}"><Properties action="U" displayDecimal="0" default="0" hive="HKEY_LOCAL_MACHINE" key="SOFTWARE\Policies\Microsoft\Windows Defender\Windows Defender Exploit Guard\Network Protection" name="AllowNetworkProtectionDownLevel" type="REG_DWORD" value="00000001"/></Registry>
	<Registry clsid="{9CD4B2F4-923D-47f5-A062-E897DD1DAD50}" name="AllowNetworkProtectionOnWinServer" status="AllowNetworkProtectionOnWinServer" image="12" changed="2024-06-05 20:23:48" uid="{4B4E37B0-4758-40AD-9661-BA65BE135985}"><Properties action="U" displayDecimal="0" default="0" hive="HKEY_LOCAL_MACHINE" key="SOFTWARE\Policies\Microsoft\Windows Defender\Windows Defender Exploit Guard\Network Protection" name="AllowNetworkProtectionOnWinServer" type="REG_DWORD" value="00000001"/></Registry>
	<Registry clsid="{9CD4B2F4-923D-47f5-A062-E897DD1DAD50}" name="EnableNetworkProtection" status="EnableNetworkProtection" image="12" changed="2024-06-05 20:23:54" uid="{975936FE-B194-4683-A7D7-8813AE4642BB}"><Properties action="U" displayDecimal="0" default="0" hive="HKEY_LOCAL_MACHINE" key="SOFTWARE\Policies\Microsoft\Windows Defender\Windows Defender Exploit Guard\Network Protection" name="EnableNetworkProtection" type="REG_DWORD" value="00000002"/></Registry>
	<Registry clsid="{9CD4B2F4-923D-47f5-A062-E897DD1DAD50}" name="AllowDatagramProcessingOnWinServer" status="AllowDatagramProcessingOnWinServer" image="12" changed="2024-06-05 20:25:27" uid="{28C11873-4CF3-4E48-A039-B772DC8E4183}"><Properties action="U" displayDecimal="0" default="0" hive="HKEY_LOCAL_MACHINE" key="SOFTWARE\Policies\Microsoft\Windows Defender\NIS\Consumers\IPS" name="AllowDatagramProcessingOnWinServer" type="REG_DWORD" value="00000001"/></Registry>
</RegistrySettings>
