<BackupInst xmlns="http://www.microsoft.com/GroupPolicy/GPOOperations/Manifest"><GPOGuid><![CDATA[{32EC7AFC-9EB8-4621-93F2-CE4744A42695}]]></GPOGuid><GPODomain><![CDATA[sharemylabs.com]]></GPODomain><GPODomainGuid><![CDATA[{c75ec255-d73d-4ab0-abf0-48599c95dcc2}]]></GPODomainGuid><GPODomainController><![CDATA[sml-dc01.sharemylabs.com]]></GPODomainController><BackupTime><![CDATA[2024-06-05T20:56:23]]></BackupTime><ID><![CDATA[{FC1BE6CF-1F15-404B-B860-7BCB6209C0D4}]]></ID><Comment><![CDATA[]]></Comment><GPODisplayName><![CDATA[Defender AV - Domain Controllers]]></GPODisplayName></BackupInst>
